{
  "deployment_ready": true,
  "server_urls": {
    "localhost": "http://localhost:5002",
    "local_network": "http://192.168.1.57:5002",
    "recommended": "http://192.168.1.57:5002"
  },
  "cors_configured": true,
  "api_functional": true,
  "upload_working": false,
  "deployment_instructions": [
    "1. Zip the netlify-frontend folder",
    "2. Go to https://app.netlify.com/drop",
    "3. Drag zip file to deploy",
    "4. Update frontend to use: 192.168.1.57:5002",
    "5. Test connection from deployed site"
  ]
}